org,2008,2009,2010,2011,2012,2013,2014,2015,2016,2017,2018,2019,2020,2021,2022,2023,2024,2025,total,percent_change_16to24,latest_update
abcnews,0.0,0.0,0.0,0.0,0.0,0.0,1.0,7.0,8.0,52.0,25.0,18.0,28.0,14.0,25.0,10.0,4.0,9.0,201.0,-0.5,2025-07-29 02:00:52+00:00
abcotvdata,0.0,0.0,0.0,0.0,0.0,0.0,0.0,0.0,0.0,0.0,0.0,0.0,0.0,14.0,39.0,16.0,7.0,3.0,79.0,inf,2025-08-17 11:35:01+00:00
accurat,0.0,0.0,0.0,0.0,0.0,0.0,2.0,1.0,2.0,2.0,6.0,6.0,5.0,3.0,1.0,0.0,1.0,0.0,29.0,-0.5,2025-06-08 22:32:45+00:00
aftenposten,0.0,0.0,0.0,0.0,0.0,0.0,0.0,0.0,0.0,0.0,0.0,0.0,3.0,0.0,1.0,1.0,0.0,0.0,5.0,,2023-07-04 09:16:47+00:00
ajam,0.0,0.0,0.0,0.0,0.0,2.0,11.0,7.0,0.0,0.0,0.0,0.0,0.0,0.0,0.0,0.0,0.0,0.0,20.0,,2025-06-04 18:06:19+00:00
ajinteractive,0.0,0.0,0.0,0.0,0.0,0.0,0.0,1.0,2.0,0.0,0.0,0.0,0.0,0.0,0.0,0.0,0.0,0.0,3.0,-1.0,2023-01-28 17:32:51+00:00
alephdata,0.0,0.0,0.0,0.0,0.0,0.0,1.0,0.0,0.0,3.0,5.0,6.0,9.0,3.0,3.0,0.0,0.0,1.0,31.0,,2025-08-01 04:51:28+00:00
aljazeeraplus,0.0,0.0,0.0,0.0,0.0,0.0,0.0,0.0,0.0,0.0,0.0,0.0,0.0,2.0,0.0,0.0,0.0,0.0,2.0,,2025-05-13 12:44:38+00:00
ancir,0.0,0.0,0.0,0.0,0.0,1.0,8.0,4.0,2.0,1.0,0.0,0.0,0.0,0.0,0.0,0.0,0.0,0.0,16.0,-1.0,2025-07-15 10:11:10+00:00
animalpolitico,0.0,0.0,0.0,0.0,0.0,0.0,0.0,0.0,0.0,0.0,1.0,0.0,1.0,0.0,0.0,0.0,0.0,0.0,2.0,,2025-04-06 19:50:37+00:00
apmg,0.0,0.0,0.0,0.0,5.0,10.0,6.0,3.0,1.0,5.0,3.0,6.0,3.0,0.0,0.0,1.0,0.0,0.0,43.0,-1.0,2025-07-16 20:04:56+00:00
arizona-republic-data,0.0,0.0,0.0,0.0,0.0,0.0,0.0,0.0,0.0,0.0,0.0,0.0,0.0,2.0,1.0,0.0,0.0,0.0,3.0,,2022-12-07 23:23:21+00:00
arizonadailystar,0.0,0.0,0.0,0.0,1.0,0.0,0.0,0.0,1.0,0.0,0.0,1.0,0.0,0.0,0.0,0.0,0.0,0.0,3.0,-1.0,2023-01-21 12:10:40+00:00
associatedpress,0.0,0.0,0.0,0.0,0.0,0.0,1.0,2.0,1.0,8.0,3.0,4.0,2.0,1.0,1.0,3.0,1.0,0.0,27.0,0.0,2025-08-02 16:21:43+00:00
axioscode,0.0,0.0,0.0,0.0,0.0,0.0,0.0,0.0,0.0,0.0,2.0,0.0,0.0,0.0,0.0,0.0,0.0,0.0,2.0,,2024-05-01 03:03:49+00:00
azpm,0.0,0.0,0.0,0.0,13.0,0.0,0.0,0.0,0.0,0.0,0.0,0.0,0.0,0.0,0.0,0.0,0.0,0.0,13.0,,2025-08-01 23:47:32+00:00
badideafactory,0.0,0.0,0.0,0.0,0.0,0.0,0.0,1.0,5.0,9.0,8.0,7.0,7.0,1.0,1.0,1.0,1.0,2.0,43.0,-0.8,2025-07-04 15:49:34+00:00
baltimore-sun-data,0.0,0.0,0.0,0.0,0.0,0.0,0.0,9.0,18.0,17.0,16.0,7.0,2.0,0.0,0.0,0.0,0.0,0.0,69.0,-1.0,2023-08-24 09:15:11+00:00
bangordailynews,0.0,0.0,0.0,6.0,0.0,0.0,2.0,11.0,6.0,0.0,0.0,0.0,0.0,0.0,0.0,0.0,0.0,0.0,25.0,-1.0,2025-03-24 15:32:52+00:00
baycitizen,0.0,0.0,0.0,4.0,1.0,0.0,0.0,0.0,0.0,0.0,0.0,0.0,0.0,0.0,0.0,0.0,0.0,0.0,5.0,,2024-06-13 05:46:44+00:00
bayerischer-rundfunk,0.0,0.0,0.0,0.0,0.0,0.0,0.0,0.0,0.0,0.0,0.0,0.0,0.0,2.0,0.0,0.0,0.0,0.0,2.0,,2022-05-01 13:47:25+00:00
bbc-data-unit,0.0,0.0,0.0,0.0,0.0,0.0,0.0,0.0,35.0,60.0,55.0,71.0,49.0,8.0,7.0,7.0,5.0,4.0,301.0,-0.8571428571428571,2025-07-12 05:16:40+00:00
bellingcat,0.0,0.0,0.0,0.0,0.0,0.0,0.0,0.0,0.0,0.0,0.0,0.0,4.0,6.0,16.0,15.0,8.0,5.0,54.0,inf,2025-08-17 04:47:54+00:00
bergenstidende,0.0,0.0,0.0,0.0,0.0,0.0,0.0,5.0,1.0,1.0,1.0,0.0,2.0,0.0,4.0,2.0,0.0,0.0,16.0,-1.0,2025-04-06 09:22:36+00:00
bettergov,0.0,0.0,0.0,0.0,0.0,0.0,0.0,0.0,0.0,1.0,8.0,3.0,0.0,0.0,2.0,0.0,0.0,0.0,14.0,,2025-06-20 22:56:33+00:00
biglocalnews,0.0,0.0,0.0,0.0,0.0,0.0,0.0,0.0,0.0,0.0,0.0,1.0,9.0,4.0,9.0,4.0,0.0,6.0,33.0,,2025-08-02 00:21:37+00:00
bloomberg,0.0,0.0,0.0,0.0,3.0,1.0,5.0,15.0,18.0,13.0,11.0,12.0,9.0,9.0,9.0,10.0,5.0,8.0,128.0,-0.7222222222222222,2025-08-03 06:30:43+00:00
bloomberggraphics,0.0,0.0,0.0,0.0,0.0,0.0,0.0,1.0,0.0,5.0,1.0,0.0,0.0,2.0,0.0,0.0,3.0,1.0,13.0,inf,2025-07-24 11:25:37+00:00
bostonglobe,0.0,0.0,0.0,2.0,3.0,3.0,13.0,27.0,19.0,18.0,4.0,0.0,0.0,1.0,0.0,3.0,2.0,0.0,95.0,-0.8947368421052632,2025-02-02 14:04:41+00:00
br-data,0.0,0.0,0.0,0.0,0.0,0.0,0.0,0.0,10.0,10.0,4.0,4.0,7.0,4.0,1.0,1.0,4.0,1.0,46.0,-0.6,2025-07-30 12:59:15+00:00
browninstitute,0.0,0.0,0.0,0.0,0.0,0.0,0.0,0.0,5.0,3.0,0.0,2.0,1.0,2.0,1.0,1.0,0.0,2.0,17.0,-1.0,2025-05-08 16:12:57+00:00
businessinsider,0.0,0.0,0.0,0.0,0.0,0.0,1.0,0.0,0.0,0.0,0.0,0.0,0.0,0.0,1.0,0.0,0.0,4.0,6.0,,2025-07-16 20:26:09+00:00
buzzfeed,0.0,0.0,0.0,0.0,2.0,2.0,4.0,3.0,3.0,2.0,2.0,0.0,0.0,0.0,0.0,0.0,0.0,0.0,18.0,-1.0,2025-07-30 07:52:44+00:00
buzzfeed-openlab,0.0,0.0,0.0,0.0,0.0,0.0,0.0,7.0,23.0,10.0,0.0,0.0,0.0,0.0,0.0,0.0,0.0,0.0,40.0,-1.0,2025-04-07 01:03:02+00:00
buzzfeednews,0.0,0.0,0.0,0.0,0.0,0.0,11.0,17.0,29.0,18.0,17.0,10.0,8.0,3.0,2.0,0.0,0.0,0.0,115.0,-1.0,2025-07-25 01:43:34+00:00
california-civic-data-coalition,0.0,0.0,0.0,0.0,0.0,0.0,0.0,0.0,0.0,0.0,0.0,0.0,0.0,0.0,1.0,0.0,0.0,0.0,1.0,,2022-04-22 07:52:01+00:00
calmatters,0.0,0.0,0.0,0.0,0.0,0.0,0.0,0.0,0.0,1.0,2.0,0.0,1.0,0.0,2.0,5.0,5.0,1.0,17.0,inf,2025-07-30 17:15:25+00:00
canalplus,0.0,0.0,0.0,0.0,0.0,1.0,3.0,8.0,3.0,2.0,3.0,2.0,0.0,0.0,0.0,5.0,0.0,0.0,27.0,-1.0,2025-08-01 14:17:08+00:00
carolinadatadesk,0.0,0.0,0.0,0.0,0.0,0.0,0.0,0.0,7.0,1.0,0.0,1.0,1.0,0.0,0.0,0.0,0.0,0.0,10.0,-1.0,2021-10-31 04:12:10+00:00
cbcnews,0.0,0.0,0.0,0.0,0.0,0.0,5.0,0.0,0.0,0.0,0.0,0.0,0.0,0.0,0.0,0.0,0.0,0.0,5.0,,2020-08-04 17:52:06+00:00
cbcrc,0.0,0.0,0.0,0.0,0.0,0.0,0.0,57.0,6.0,1.0,0.0,1.0,0.0,4.0,0.0,1.0,1.0,2.0,73.0,-0.8333333333333334,2025-07-31 23:45:55+00:00
cbs-news-data,0.0,0.0,0.0,0.0,0.0,0.0,0.0,0.0,0.0,0.0,0.0,0.0,0.0,0.0,4.0,1.0,10.0,8.0,23.0,inf,2025-08-03 11:03:42+00:00
censusreporter,0.0,0.0,0.0,0.0,0.0,8.0,1.0,2.0,1.0,0.0,0.0,0.0,2.0,0.0,0.0,0.0,0.0,0.0,14.0,-1.0,2025-07-28 18:23:48+00:00
chalkbeat,0.0,0.0,0.0,0.0,0.0,0.0,0.0,0.0,1.0,1.0,0.0,0.0,5.0,1.0,1.0,4.0,2.0,0.0,15.0,1.0,2025-05-22 14:44:26+00:00
chrondata,0.0,0.0,0.0,0.0,0.0,0.0,0.0,1.0,0.0,0.0,1.0,0.0,0.0,0.0,0.0,0.0,0.0,0.0,2.0,,2018-10-18 20:51:01+00:00
cirlabs,0.0,0.0,0.0,2.0,3.0,4.0,5.0,3.0,3.0,6.0,2.0,4.0,1.0,0.0,3.0,0.0,0.0,1.0,37.0,-1.0,2025-05-23 14:39:24+00:00
city-bureau,0.0,0.0,0.0,0.0,0.0,0.0,0.0,0.0,2.0,4.0,3.0,18.0,7.0,1.0,3.0,8.0,11.0,0.0,57.0,4.5,2025-08-02 16:22:30+00:00
civica-digital,0.0,0.0,0.0,0.0,0.0,0.0,3.0,19.0,11.0,6.0,5.0,0.0,0.0,0.0,0.0,0.0,0.0,0.0,44.0,-1.0,2025-04-24 14:09:25+00:00
civilbeat,0.0,0.0,0.0,0.0,0.0,0.0,0.0,0.0,0.0,2.0,0.0,0.0,0.0,0.0,0.0,0.0,0.0,0.0,2.0,,2017-07-15 02:31:33+00:00
civio,0.0,0.0,0.0,0.0,0.0,1.0,2.0,12.0,16.0,11.0,9.0,1.0,0.0,1.0,0.0,1.0,0.0,0.0,54.0,-1.0,2025-07-26 15:34:21+00:00
cjlab-umd,0.0,0.0,0.0,0.0,0.0,0.0,0.0,0.0,0.0,0.0,0.0,0.0,2.0,0.0,0.0,0.0,0.0,0.0,2.0,,2025-04-14 10:59:20+00:00
comp-journalism,0.0,0.0,0.0,0.0,0.0,0.0,1.0,3.0,5.0,1.0,2.0,1.0,2.0,2.0,2.0,0.0,1.0,0.0,20.0,-0.8,2025-07-09 16:21:28+00:00
condenast,0.0,0.0,0.0,2.0,0.0,4.0,2.0,4.0,2.0,6.0,4.0,9.0,7.0,6.0,5.0,2.0,4.0,1.0,58.0,1.0,2025-07-21 21:01:57+00:00
consumer-reports-innovation-lab,0.0,0.0,0.0,0.0,0.0,0.0,0.0,0.0,0.0,1.0,0.0,0.0,1.0,2.0,1.0,1.0,0.0,1.0,7.0,,2025-08-08 17:23:38+00:00
consumerreports,0.0,0.0,0.0,0.0,0.0,0.0,0.0,0.0,0.0,0.0,0.0,0.0,2.0,1.0,0.0,1.0,0.0,0.0,4.0,,2025-07-10 22:33:52+00:00
coralproject,0.0,0.0,0.0,0.0,0.0,0.0,1.0,9.0,20.0,15.0,14.0,2.0,5.0,4.0,0.0,0.0,1.0,0.0,71.0,-0.95,2025-07-24 01:26:53+00:00
cornelldatajournal,0.0,0.0,0.0,0.0,0.0,0.0,0.0,0.0,0.0,0.0,0.0,0.0,0.0,0.0,0.0,1.0,6.0,11.0,18.0,inf,2025-05-10 18:36:34+00:00
correctiv,0.0,0.0,0.0,0.0,0.0,0.0,6.0,21.0,13.0,20.0,3.0,3.0,0.0,1.0,5.0,0.0,1.0,0.0,73.0,-0.9230769230769231,2025-07-18 15:48:49+00:00
courierjournal,0.0,0.0,0.0,0.0,0.0,0.0,0.0,1.0,0.0,4.0,1.0,11.0,2.0,0.0,0.0,0.0,0.0,0.0,19.0,,2025-02-27 01:15:55+00:00
cronkite-news,0.0,0.0,0.0,0.0,0.0,0.0,0.0,1.0,0.0,0.0,0.0,0.0,0.0,0.0,0.0,0.0,0.0,0.0,1.0,,2015-04-24 09:25:52+00:00
cunyjschool,0.0,0.0,22.0,11.0,0.0,0.0,1.0,2.0,0.0,0.0,0.0,0.0,0.0,0.0,0.0,0.0,0.0,0.0,36.0,,2024-07-09 12:14:19+00:00
dailybeast,0.0,0.0,0.0,0.0,0.0,0.0,0.0,0.0,1.0,1.0,2.0,1.0,0.0,0.0,0.0,0.0,0.0,1.0,6.0,-1.0,2025-08-03 00:26:47+00:00
dailycal-projects,0.0,0.0,0.0,0.0,0.0,0.0,0.0,1.0,9.0,15.0,10.0,5.0,7.0,3.0,0.0,0.0,0.0,0.0,50.0,-1.0,2025-06-19 05:26:32+00:00
dailykos,0.0,0.0,0.0,0.0,0.0,0.0,0.0,2.0,0.0,2.0,0.0,0.0,1.0,0.0,0.0,0.0,0.0,0.0,5.0,,2023-01-28 21:02:02+00:00
dallasmorningnews,0.0,0.0,0.0,0.0,1.0,0.0,8.0,14.0,33.0,21.0,10.0,7.0,3.0,0.0,6.0,4.0,2.0,4.0,113.0,-0.9393939393939394,2025-08-03 11:04:13+00:00
data-liberation-project,0.0,0.0,0.0,0.0,0.0,0.0,0.0,0.0,0.0,0.0,0.0,0.0,0.0,0.0,6.0,11.0,6.0,1.0,24.0,inf,2025-08-02 13:30:16+00:00
datadesk,0.0,2.0,5.0,12.0,4.0,10.0,10.0,12.0,12.0,17.0,23.0,31.0,13.0,9.0,6.0,3.0,1.0,0.0,170.0,-0.9166666666666666,2025-08-03 10:04:34+00:00
datahub,0.0,0.0,0.0,0.0,0.0,0.0,1.0,1.0,17.0,6.0,1.0,1.0,0.0,1.0,0.0,1.0,1.0,0.0,30.0,-0.9411764705882353,2025-01-16 12:05:23+00:00
datamade,0.0,0.0,0.0,2.0,6.0,14.0,27.0,27.0,29.0,21.0,16.0,10.0,9.0,2.0,6.0,4.0,5.0,2.0,180.0,-0.8275862068965517,2025-08-02 04:42:10+00:00
datanews,0.0,0.0,0.0,0.0,0.0,0.0,3.0,20.0,12.0,3.0,1.0,0.0,0.0,0.0,0.0,0.0,0.0,0.0,39.0,-1.0,2025-06-04 18:06:27+00:00
datawrapper,0.0,0.0,0.0,0.0,1.0,2.0,2.0,0.0,1.0,0.0,4.0,5.0,2.0,2.0,0.0,0.0,0.0,0.0,19.0,-1.0,2025-07-24 14:47:34+00:00
delawaredata,0.0,0.0,0.0,0.0,2.0,2.0,0.0,0.0,0.0,0.0,0.0,0.0,0.0,0.0,0.0,0.0,0.0,0.0,4.0,,2014-05-03 02:44:08+00:00
denverpost,0.0,0.0,0.0,0.0,1.0,8.0,22.0,42.0,26.0,7.0,11.0,0.0,0.0,0.0,0.0,0.0,0.0,0.0,117.0,-1.0,2025-07-15 19:20:21+00:00
derspiegel,0.0,0.0,0.0,0.0,0.0,1.0,0.0,0.0,0.0,0.0,0.0,0.0,2.0,0.0,0.0,3.0,0.0,0.0,6.0,,2025-04-10 11:45:30+00:00
deseretnews,0.0,0.0,0.0,0.0,0.0,0.0,0.0,0.0,0.0,0.0,2.0,0.0,0.0,2.0,0.0,0.0,0.0,0.0,4.0,,2021-06-10 21:38:35+00:00
dnainfo,0.0,0.0,0.0,0.0,0.0,0.0,0.0,2.0,0.0,0.0,0.0,0.0,0.0,0.0,0.0,0.0,0.0,0.0,2.0,,2015-05-05 17:31:08+00:00
documentcloud,0.0,4.0,1.0,3.0,3.0,1.0,3.0,3.0,1.0,0.0,2.0,0.0,0.0,0.0,0.0,0.0,0.0,0.0,21.0,-1.0,2025-08-01 13:55:56+00:00
dowjones,0.0,0.0,0.0,0.0,1.0,2.0,10.0,24.0,9.0,3.0,6.0,8.0,4.0,3.0,3.0,1.0,0.0,2.0,76.0,-1.0,2025-08-01 12:53:49+00:00
dronejournalismlab,0.0,0.0,0.0,0.0,0.0,1.0,0.0,0.0,1.0,0.0,0.0,0.0,0.0,0.0,0.0,0.0,0.0,0.0,2.0,-1.0,2025-06-17 19:30:58+00:00
dukechronicle,0.0,0.0,0.0,1.0,2.0,2.0,2.0,2.0,3.0,0.0,0.0,0.0,0.0,0.0,0.0,0.0,0.0,0.0,12.0,-1.0,2025-07-20 23:11:47+00:00
dw-data,0.0,0.0,0.0,0.0,0.0,0.0,0.0,0.0,0.0,0.0,23.0,14.0,10.0,16.0,12.0,13.0,13.0,6.0,107.0,inf,2025-07-12 13:18:17+00:00
economistdigitalsolutions,0.0,0.0,0.0,0.0,0.0,0.0,0.0,4.0,1.0,0.0,8.0,5.0,0.0,1.0,1.0,0.0,0.0,0.0,20.0,-1.0,2025-07-03 17:42:46+00:00
enigma-io,0.0,0.0,0.0,0.0,0.0,0.0,3.0,5.0,2.0,0.0,0.0,0.0,0.0,0.0,0.0,1.0,0.0,0.0,11.0,-1.0,2025-05-29 11:39:21+00:00
financial-times,0.0,0.0,0.0,0.0,0.0,9.0,43.0,112.0,244.0,118.0,73.0,46.0,25.0,12.0,10.0,6.0,2.0,0.0,700.0,-0.9918032786885246,2025-08-03 02:11:49+00:00
fiquemsabendo,0.0,0.0,0.0,0.0,0.0,0.0,0.0,0.0,0.0,0.0,1.0,0.0,0.0,2.0,0.0,0.0,0.0,1.0,4.0,,2025-07-27 16:49:46+00:00
firstlookmedia,0.0,0.0,0.0,0.0,0.0,0.0,1.0,2.0,7.0,3.0,5.0,5.0,2.0,2.0,0.0,0.0,0.0,0.0,27.0,-1.0,2025-07-23 21:53:36+00:00
fivethirtyeight,0.0,0.0,0.0,0.0,0.0,0.0,2.0,1.0,6.0,1.0,2.0,3.0,3.0,4.0,1.0,0.0,0.0,0.0,23.0,-1.0,2025-08-02 22:22:50+00:00
flatwaterfreepress,0.0,0.0,0.0,0.0,0.0,0.0,0.0,0.0,0.0,0.0,0.0,0.0,0.0,0.0,0.0,2.0,1.0,0.0,3.0,inf,2025-06-18 17:34:12+00:00
folhasp,0.0,0.0,0.0,0.0,0.0,0.0,0.0,1.0,4.0,0.0,0.0,2.0,0.0,0.0,0.0,0.0,1.0,0.0,8.0,-0.75,2025-08-01 16:28:33+00:00
francetv,0.0,0.0,0.0,0.0,0.0,0.0,8.0,11.0,23.0,2.0,0.0,6.0,2.0,0.0,0.0,0.0,1.0,0.0,53.0,-0.9565217391304348,2025-04-02 08:52:29+00:00
freedomofpress,0.0,0.0,0.0,0.0,1.0,1.0,0.0,4.0,15.0,17.0,12.0,7.0,9.0,5.0,6.0,9.0,4.0,15.0,105.0,-0.7333333333333333,2025-08-03 09:16:19+00:00
frontlinepbs,0.0,0.0,0.0,0.0,0.0,0.0,0.0,0.0,0.0,0.0,0.0,0.0,0.0,0.0,2.0,0.0,0.0,0.0,2.0,,2023-01-10 17:15:24+00:00
ft-interactive,0.0,0.0,0.0,0.0,5.0,11.0,12.0,20.0,81.0,88.0,9.0,6.0,1.0,0.0,0.0,0.0,1.0,0.0,234.0,-0.9876543209876543,2025-08-02 12:13:59+00:00
ftc-editorial,0.0,0.0,0.0,0.0,0.0,0.0,0.0,2.0,11.0,1.0,0.0,0.0,0.0,0.0,0.0,0.0,0.0,0.0,14.0,-1.0,2023-06-26 03:34:45+00:00
ftchinese,0.0,0.0,0.0,0.0,0.0,0.0,0.0,9.0,5.0,14.0,3.0,1.0,3.0,3.0,0.0,2.0,1.0,0.0,41.0,-0.8,2025-07-30 08:59:45+00:00
ftlabs,0.0,0.0,0.0,0.0,4.0,5.0,3.0,4.0,38.0,29.0,10.0,11.0,5.0,0.0,0.0,0.0,0.0,0.0,109.0,-1.0,2025-08-02 18:25:43+00:00
fullfact,0.0,0.0,0.0,0.0,0.0,0.0,0.0,0.0,0.0,2.0,0.0,2.0,1.0,0.0,1.0,3.0,2.0,1.0,12.0,inf,2025-08-01 09:43:53+00:00
gannettdigital,0.0,0.0,0.0,0.0,0.0,0.0,2.0,9.0,4.0,2.0,5.0,0.0,0.0,2.0,1.0,0.0,1.0,1.0,27.0,-0.75,2025-05-12 17:35:08+00:00
gatehousemedia,0.0,0.0,0.0,0.0,0.0,0.0,0.0,0.0,0.0,0.0,3.0,14.0,0.0,0.0,0.0,0.0,0.0,0.0,17.0,,2025-06-18 16:55:11+00:00
gawkermedia,0.0,0.0,0.0,0.0,1.0,0.0,3.0,6.0,4.0,3.0,2.0,5.0,0.0,0.0,0.0,0.0,0.0,0.0,24.0,-1.0,2025-05-29 00:34:15+00:00
gdnmobilelab,0.0,0.0,0.0,0.0,0.0,0.0,0.0,0.0,24.0,13.0,4.0,0.0,0.0,0.0,0.0,0.0,0.0,0.0,41.0,-1.0,2025-07-10 21:56:26+00:00
globeandmail,0.0,0.0,0.0,0.0,0.0,0.0,0.0,1.0,0.0,14.0,8.0,17.0,5.0,5.0,0.0,0.0,0.0,0.0,50.0,,2025-07-10 16:27:54+00:00
globocom,0.0,0.0,1.0,4.0,29.0,13.0,32.0,13.0,34.0,46.0,42.0,15.0,15.0,12.0,5.0,0.0,1.0,5.0,267.0,-0.9705882352941176,2025-08-03 09:58:30+00:00
gmg-special-projects-desk,0.0,0.0,0.0,0.0,0.0,0.0,0.0,0.0,0.0,2.0,2.0,5.0,3.0,0.0,0.0,0.0,0.0,0.0,12.0,,2025-03-08 08:30:21+00:00
googletrends,0.0,0.0,0.0,0.0,0.0,0.0,0.0,17.0,18.0,19.0,15.0,7.0,3.0,0.0,2.0,0.0,0.0,0.0,81.0,-1.0,2025-07-31 13:16:07+00:00
govtrack,0.0,0.0,0.0,1.0,3.0,3.0,5.0,3.0,1.0,4.0,0.0,2.0,1.0,0.0,0.0,0.0,0.0,1.0,24.0,-1.0,2025-07-27 15:03:42+00:00
grist-data-desk,0.0,0.0,0.0,0.0,0.0,0.0,0.0,0.0,0.0,0.0,0.0,0.0,0.0,0.0,1.0,4.0,3.0,6.0,14.0,inf,2025-08-01 05:55:14+00:00
guardian,0.0,0.0,9.0,15.0,29.0,65.0,130.0,190.0,221.0,236.0,210.0,200.0,190.0,136.0,127.0,94.0,47.0,14.0,1913.0,-0.7873303167420814,2025-08-02 00:28:59+00:00
haaretz,0.0,0.0,0.0,0.0,0.0,0.0,0.0,1.0,18.0,6.0,2.0,2.0,3.0,1.0,4.0,0.0,1.0,0.0,38.0,-0.9444444444444444,2024-12-22 09:53:21+00:00
hackshackers,0.0,0.0,0.0,1.0,2.0,1.0,0.0,3.0,4.0,2.0,0.0,0.0,0.0,0.0,0.0,0.0,0.0,0.0,13.0,-1.0,2024-09-28 02:59:01+00:00
hartfordcourant,0.0,0.0,0.0,0.0,0.0,0.0,0.0,9.0,0.0,1.0,0.0,0.0,0.0,0.0,0.0,0.0,0.0,0.0,10.0,,2020-07-01 04:39:08+00:00
harvard-lampoon,0.0,0.0,0.0,0.0,0.0,0.0,0.0,0.0,0.0,0.0,0.0,0.0,0.0,1.0,1.0,0.0,0.0,0.0,2.0,,2022-05-02 15:03:09+00:00
hbrgtech,0.0,0.0,0.0,0.0,0.0,0.0,3.0,0.0,0.0,0.0,0.0,0.0,0.0,0.0,0.0,0.0,0.0,0.0,3.0,,2023-04-30 08:40:30+00:00
hearst-dd,0.0,0.0,0.0,0.0,0.0,0.0,1.0,3.0,1.0,0.0,1.0,0.0,0.0,0.0,0.0,0.0,0.0,0.0,6.0,-1.0,2019-10-01 02:57:59+00:00
hearst-hatchery,0.0,0.0,0.0,0.0,0.0,0.0,0.0,0.0,0.0,0.0,2.0,0.0,0.0,0.0,0.0,0.0,0.0,0.0,2.0,,2022-12-08 15:06:06+00:00
hearstcorp,0.0,0.0,0.0,0.0,0.0,0.0,1.0,3.0,0.0,2.0,0.0,0.0,0.0,0.0,0.0,0.0,0.0,0.0,6.0,,2023-01-28 17:56:10+00:00
hechinger,0.0,0.0,0.0,0.0,0.0,0.0,1.0,0.0,0.0,0.0,0.0,0.0,0.0,0.0,0.0,2.0,1.0,2.0,6.0,inf,2025-08-01 16:40:58+00:00
hindustantimeslabs,0.0,0.0,0.0,0.0,0.0,0.0,0.0,0.0,13.0,33.0,5.0,0.0,0.0,0.0,0.0,0.0,0.0,0.0,51.0,-1.0,2025-07-31 12:51:45+00:00
houston-chronicle,0.0,0.0,0.0,0.0,0.0,0.0,0.0,0.0,0.0,0.0,12.0,1.0,0.0,0.0,2.0,1.0,0.0,0.0,16.0,,2025-02-24 22:10:53+00:00
howard-center-investigations,0.0,0.0,0.0,0.0,0.0,0.0,0.0,0.0,0.0,0.0,0.0,5.0,1.0,1.0,1.0,0.0,0.0,1.0,9.0,,2025-08-03 10:12:10+00:00
icfj-org,0.0,0.0,0.0,0.0,0.0,0.0,0.0,0.0,1.0,0.0,0.0,0.0,0.0,0.0,0.0,0.0,0.0,0.0,1.0,-1.0,2016-05-05 01:15:25+00:00
icij,0.0,0.0,0.0,0.0,0.0,1.0,1.0,1.0,2.0,1.0,8.0,7.0,21.0,3.0,3.0,8.0,6.0,2.0,64.0,2.0,2025-08-01 12:57:14+00:00
imedd-lab,0.0,0.0,0.0,0.0,0.0,0.0,0.0,0.0,0.0,0.0,0.0,0.0,1.0,0.0,1.0,0.0,3.0,1.0,6.0,inf,2025-07-24 08:14:39+00:00
infoamazonia,0.0,0.0,0.0,0.0,1.0,0.0,4.0,9.0,1.0,0.0,2.0,2.0,8.0,1.0,0.0,1.0,1.0,0.0,30.0,0.0,2025-07-15 19:13:53+00:00
initiumlab,0.0,0.0,0.0,0.0,0.0,0.0,0.0,20.0,18.0,1.0,1.0,1.0,0.0,1.0,0.0,0.0,0.0,0.0,42.0,-1.0,2021-12-07 09:56:24+00:00
inn,0.0,0.0,0.0,0.0,0.0,3.0,10.0,5.0,45.0,27.0,1.0,7.0,4.0,0.0,0.0,0.0,0.0,0.0,102.0,-1.0,2025-06-25 12:15:34+00:00
insideclimatenews,0.0,0.0,0.0,0.0,0.0,0.0,0.0,0.0,0.0,0.0,0.0,0.0,0.0,0.0,1.0,3.0,2.0,4.0,10.0,inf,2025-07-31 01:47:02+00:00
insideenergy,0.0,0.0,0.0,0.0,0.0,0.0,2.0,3.0,4.0,0.0,0.0,0.0,0.0,0.0,0.0,0.0,0.0,0.0,9.0,-1.0,2025-05-21 15:19:16+00:00
internews-ke,0.0,0.0,0.0,0.0,0.0,0.0,4.0,0.0,0.0,0.0,0.0,0.0,0.0,0.0,0.0,0.0,0.0,0.0,4.0,,2015-08-01 02:51:56+00:00
invinst,0.0,0.0,0.0,0.0,0.0,0.0,0.0,2.0,9.0,1.0,0.0,4.0,2.0,0.0,0.0,0.0,0.0,1.0,19.0,-1.0,2025-08-02 19:27:38+00:00
ireapps,0.0,0.0,0.0,1.0,0.0,0.0,1.0,1.0,0.0,2.0,6.0,6.0,3.0,3.0,5.0,4.0,5.0,4.0,41.0,inf,2025-07-10 22:44:45+00:00
irworkshop,0.0,0.0,0.0,0.0,1.0,2.0,1.0,0.0,0.0,0.0,0.0,3.0,0.0,0.0,0.0,0.0,0.0,0.0,7.0,,2025-06-02 19:33:16+00:00
islandpacket,0.0,0.0,0.0,0.0,0.0,0.0,0.0,0.0,0.0,0.0,0.0,0.0,0.0,1.0,0.0,0.0,0.0,0.0,1.0,,2021-10-17 23:26:12+00:00
journalismai,0.0,0.0,0.0,0.0,0.0,0.0,0.0,0.0,0.0,0.0,0.0,0.0,0.0,0.0,7.0,0.0,0.0,0.0,7.0,,2024-11-12 02:53:38+00:00
jplusplus,0.0,0.0,0.0,0.0,3.0,23.0,15.0,33.0,14.0,11.0,8.0,4.0,2.0,0.0,0.0,1.0,0.0,0.0,114.0,-1.0,2025-07-02 23:07:39+00:00
kffdata,0.0,0.0,0.0,0.0,0.0,0.0,0.0,0.0,0.0,0.0,0.0,0.0,1.0,0.0,0.0,0.0,0.0,0.0,1.0,,2025-07-30 19:08:31+00:00
khnews,0.0,0.0,0.0,0.0,0.0,0.0,0.0,0.0,0.0,0.0,0.0,0.0,2.0,2.0,1.0,0.0,0.0,0.0,5.0,,2024-10-18 04:22:38+00:00
kiln,0.0,0.0,0.0,0.0,1.0,2.0,0.0,2.0,0.0,16.0,4.0,4.0,0.0,7.0,5.0,3.0,4.0,0.0,48.0,inf,2025-06-30 19:02:55+00:00
kpbs,0.0,0.0,0.0,0.0,0.0,1.0,1.0,0.0,0.0,0.0,0.0,0.0,0.0,0.0,0.0,0.0,0.0,0.0,2.0,,2023-01-28 10:14:43+00:00
kqed,0.0,0.0,0.0,0.0,0.0,0.0,3.0,2.0,3.0,0.0,0.0,1.0,0.0,0.0,2.0,2.0,2.0,0.0,15.0,-0.3333333333333333,2025-06-10 18:24:15+00:00
labsletemps,0.0,0.0,0.0,0.0,0.0,0.0,15.0,3.0,1.0,1.0,3.0,3.0,8.0,0.0,0.0,0.0,0.0,0.0,34.0,-1.0,2025-03-22 21:56:06+00:00
lanacioncom,0.0,0.0,0.0,0.0,0.0,2.0,1.0,8.0,3.0,0.0,2.0,0.0,0.0,0.0,1.0,0.0,0.0,1.0,18.0,-1.0,2025-01-24 15:36:27+00:00
laopinion,0.0,0.0,0.0,0.0,0.0,0.0,0.0,0.0,2.0,6.0,10.0,3.0,0.0,0.0,1.0,0.0,0.0,0.0,22.0,-1.0,2025-02-05 04:28:50+00:00
learninglab,0.0,0.0,0.0,0.0,0.0,0.0,6.0,0.0,0.0,0.0,0.0,0.0,0.0,0.0,0.0,0.0,0.0,0.0,6.0,,2017-04-11 16:14:24+00:00
lemonde,0.0,0.0,0.0,0.0,2.0,4.0,29.0,3.0,4.0,3.0,0.0,1.0,1.0,1.0,1.0,1.0,1.0,2.0,53.0,-0.75,2025-07-10 04:40:54+00:00
lenfest-institute,0.0,0.0,0.0,0.0,0.0,0.0,0.0,0.0,0.0,0.0,0.0,0.0,0.0,0.0,0.0,0.0,1.0,0.0,1.0,inf,2025-01-06 14:29:52+00:00
lenfestlab,0.0,0.0,0.0,0.0,0.0,0.0,0.0,0.0,0.0,0.0,1.0,0.0,0.0,1.0,1.0,0.0,0.0,0.0,3.0,,2023-01-28 00:26:53+00:00
liberation,0.0,0.0,2.0,3.0,4.0,8.0,6.0,0.0,1.0,2.0,0.0,0.0,0.0,0.0,0.0,0.0,0.0,0.0,26.0,-1.0,2025-07-01 14:33:00+00:00
localatbrown,0.0,0.0,0.0,0.0,0.0,0.0,0.0,0.0,0.0,0.0,0.0,0.0,1.0,3.0,2.0,3.0,1.0,1.0,11.0,inf,2025-04-23 15:30:45+00:00
mailonline,0.0,0.0,0.0,0.0,0.0,3.0,8.0,11.0,16.0,10.0,5.0,1.0,3.0,2.0,1.0,1.0,0.0,0.0,61.0,-1.0,2025-07-17 16:50:20+00:00
mashable,0.0,0.0,0.0,0.0,2.0,1.0,1.0,0.0,2.0,0.0,1.0,0.0,0.0,0.0,0.0,0.0,0.0,0.0,7.0,-1.0,2023-12-19 09:50:05+00:00
mcclatchy,0.0,0.0,0.0,0.0,0.0,0.0,2.0,0.0,1.0,18.0,9.0,4.0,1.0,0.0,5.0,4.0,0.0,0.0,44.0,-1.0,2025-07-18 16:35:58+00:00
mcclatchy-southeast,0.0,0.0,0.0,0.0,0.0,0.0,0.0,0.0,0.0,0.0,0.0,0.0,0.0,1.0,5.0,5.0,1.0,0.0,12.0,inf,2025-07-30 16:33:12+00:00
meedan,0.0,0.0,0.0,2.0,6.0,0.0,7.0,9.0,8.0,6.0,6.0,3.0,8.0,6.0,3.0,1.0,1.0,1.0,67.0,-0.875,2025-08-01 14:10:45+00:00
miamiherald,0.0,0.0,0.0,0.0,0.0,0.0,0.0,0.0,12.0,5.0,0.0,0.0,0.0,0.0,1.0,0.0,0.0,0.0,18.0,-1.0,2022-09-07 21:42:07+00:00
michiganradio,0.0,0.0,0.0,0.0,0.0,0.0,1.0,0.0,0.0,0.0,0.0,0.0,0.0,0.0,0.0,0.0,0.0,0.0,1.0,,2022-02-01 08:05:18+00:00
micnews,0.0,0.0,0.0,0.0,0.0,0.0,46.0,25.0,46.0,7.0,3.0,0.0,0.0,0.0,0.0,0.0,0.0,0.0,127.0,-1.0,2025-07-09 07:51:38+00:00
minneapolisstartribune,0.0,0.0,0.0,0.0,0.0,0.0,1.0,0.0,0.0,2.0,0.0,0.0,0.0,2.0,4.0,0.0,2.0,5.0,16.0,inf,2025-08-01 20:11:01+00:00
minnpost,0.0,0.0,0.0,3.0,37.0,38.0,37.0,6.0,12.0,6.0,10.0,6.0,2.0,1.0,10.0,0.0,0.0,0.0,168.0,-1.0,2025-07-09 15:12:26+00:00
mirror-media,0.0,0.0,0.0,0.0,0.0,0.0,0.0,0.0,5.0,9.0,1.0,2.0,9.0,10.0,4.0,3.0,1.0,0.0,44.0,-0.8,2025-07-30 09:15:41+00:00
missionlocal,0.0,0.0,0.0,0.0,0.0,0.0,0.0,0.0,0.0,0.0,0.0,0.0,0.0,1.0,0.0,0.0,2.0,2.0,5.0,inf,2025-07-30 02:12:21+00:00
motherjones,0.0,0.0,0.0,0.0,6.0,13.0,28.0,1.0,0.0,2.0,1.0,3.0,3.0,4.0,6.0,2.0,1.0,0.0,70.0,inf,2025-02-06 01:22:57+00:00
mtfreepress,0.0,0.0,0.0,0.0,0.0,0.0,0.0,0.0,0.0,0.0,0.0,0.0,0.0,0.0,0.0,0.0,7.0,2.0,9.0,inf,2025-08-17 05:53:25+00:00
muckrack,0.0,0.0,0.0,0.0,0.0,0.0,0.0,0.0,0.0,0.0,0.0,0.0,0.0,0.0,0.0,0.0,0.0,1.0,1.0,,2025-05-06 15:44:11+00:00
muckrock,0.0,0.0,0.0,0.0,0.0,1.0,2.0,0.0,1.0,2.0,1.0,5.0,3.0,1.0,25.0,21.0,10.0,4.0,76.0,9.0,2025-07-30 17:56:40+00:00
natgeosociety,0.0,0.0,0.0,0.0,0.0,0.0,0.0,0.0,0.0,0.0,0.0,1.0,7.0,0.0,0.0,0.0,0.0,0.0,8.0,,2025-06-07 17:04:23+00:00
nbcnews,0.0,0.0,0.0,0.0,0.0,1.0,0.0,2.0,1.0,4.0,3.0,4.0,1.0,1.0,0.0,0.0,0.0,0.0,17.0,-1.0,2025-06-25 22:22:27+00:00
news-catalyst,0.0,0.0,0.0,0.0,0.0,0.0,0.0,0.0,0.0,0.0,0.0,8.0,9.0,0.0,0.0,0.0,0.0,0.0,17.0,,2025-04-12 14:18:59+00:00
newsappajc,0.0,0.0,0.0,0.0,0.0,8.0,2.0,7.0,3.0,1.0,0.0,0.0,1.0,1.0,0.0,0.0,0.0,0.0,23.0,-1.0,2021-03-04 22:42:33+00:00
newsapps,0.0,0.0,6.0,10.0,7.0,8.0,3.0,8.0,9.0,0.0,0.0,1.0,0.0,0.0,0.0,0.0,0.0,0.0,52.0,-1.0,2025-08-02 22:23:06+00:00
newsappsio,0.0,0.0,0.0,0.0,0.0,0.0,0.0,2.0,0.0,0.0,0.0,0.0,0.0,0.0,0.0,0.0,0.0,0.0,2.0,,2025-05-07 20:48:13+00:00
newscientistapps,0.0,0.0,0.0,0.0,0.0,5.0,1.0,0.0,0.0,0.0,0.0,0.0,0.0,0.0,0.0,0.0,0.0,0.0,6.0,,2024-01-26 11:17:19+00:00
newsday,0.0,0.0,0.0,0.0,0.0,0.0,2.0,0.0,0.0,0.0,0.0,0.0,0.0,0.0,0.0,0.0,0.0,0.0,2.0,,2020-07-27 05:24:59+00:00
newsdev,0.0,0.0,0.0,0.0,0.0,1.0,3.0,32.0,10.0,16.0,9.0,0.0,0.0,0.0,0.0,0.0,0.0,0.0,71.0,-1.0,2025-07-31 18:25:42+00:00
newshour,0.0,0.0,0.0,2.0,3.0,0.0,0.0,0.0,0.0,1.0,0.0,0.0,0.0,2.0,0.0,1.0,0.0,0.0,9.0,,2025-03-21 16:01:28+00:00
newslynx,0.0,0.0,0.0,0.0,0.0,0.0,17.0,17.0,0.0,0.0,0.0,0.0,0.0,0.0,0.0,0.0,0.0,0.0,34.0,,2025-06-04 18:06:10+00:00
newsrevenuehub,0.0,0.0,0.0,0.0,0.0,0.0,0.0,0.0,0.0,0.0,0.0,0.0,0.0,2.0,0.0,0.0,0.0,0.0,2.0,,2025-08-01 20:43:37+00:00
newsroomdevelopment,0.0,0.0,0.0,0.0,0.0,0.0,0.0,0.0,0.0,0.0,0.0,0.0,0.0,26.0,10.0,0.0,0.0,0.0,36.0,,2024-05-08 06:46:37+00:00
newyorker,0.0,0.0,0.0,0.0,0.0,0.0,3.0,3.0,0.0,0.0,0.0,0.0,0.0,0.0,0.0,0.0,0.0,0.0,6.0,,2024-10-24 04:14:39+00:00
niemanlab,0.0,0.0,0.0,0.0,0.0,1.0,0.0,0.0,0.0,0.0,0.0,0.0,0.0,0.0,0.0,0.0,0.0,0.0,1.0,,2025-02-07 11:14:08+00:00
nmg-digital,0.0,0.0,0.0,0.0,0.0,0.0,0.0,0.0,0.0,0.0,0.0,0.0,0.0,0.0,1.0,0.0,0.0,0.0,1.0,,2022-02-18 15:00:55+00:00
npr,0.0,0.0,0.0,0.0,6.0,5.0,2.0,0.0,2.0,2.0,7.0,5.0,1.0,1.0,0.0,0.0,0.0,0.0,31.0,-1.0,2025-06-06 15:46:44+00:00
nprapps,0.0,0.0,0.0,0.0,12.0,41.0,24.0,27.0,25.0,41.0,11.0,9.0,6.0,8.0,1.0,4.0,3.0,0.0,212.0,-0.88,2025-08-03 03:58:06+00:00
nprlabs,0.0,0.0,0.0,0.0,0.0,1.0,1.0,1.0,2.0,1.0,0.0,0.0,0.0,0.0,0.0,0.0,0.0,0.0,6.0,-1.0,2025-03-23 15:11:10+00:00
nrkno,0.0,0.0,0.0,0.0,0.0,1.0,1.0,1.0,9.0,13.0,20.0,13.0,6.0,5.0,13.0,12.0,7.0,7.0,108.0,-0.2222222222222222,2025-08-02 21:10:17+00:00
nuknightlab,0.0,0.0,0.0,0.0,3.0,11.0,10.0,8.0,14.0,12.0,4.0,3.0,2.0,0.0,0.0,2.0,2.0,2.0,73.0,-0.8571428571428571,2025-08-02 15:00:41+00:00
nydailynews,0.0,0.0,0.0,0.0,0.0,0.0,0.0,0.0,0.0,44.0,16.0,0.0,0.0,0.0,0.0,0.0,0.0,0.0,60.0,,2025-03-25 06:40:11+00:00
nymag,0.0,0.0,0.0,0.0,0.0,0.0,0.0,11.0,6.0,5.0,4.0,3.0,0.0,2.0,0.0,0.0,0.0,0.0,31.0,-1.0,2025-08-01 17:35:22+00:00
nypublicradio,0.0,0.0,0.0,0.0,0.0,0.0,3.0,1.0,11.0,26.0,10.0,10.0,7.0,3.0,4.0,5.0,1.0,0.0,81.0,-0.9090909090909091,2025-07-16 21:27:43+00:00
nytimes,0.0,0.0,5.0,5.0,3.0,5.0,8.0,5.0,19.0,13.0,3.0,9.0,3.0,6.0,6.0,3.0,0.0,1.0,94.0,-1.0,2025-08-02 20:39:44+00:00
nytlabs,0.0,0.0,0.0,0.0,0.0,6.0,8.0,2.0,2.0,1.0,0.0,0.0,1.0,0.0,0.0,0.0,0.0,0.0,20.0,-1.0,2025-08-02 23:28:49+00:00
nzzdev,0.0,0.0,0.0,0.0,0.0,0.0,0.0,3.0,7.0,14.0,4.0,1.0,3.0,3.0,6.0,1.0,1.0,3.0,46.0,-0.8571428571428571,2025-08-03 09:10:06+00:00
occrp,0.0,0.0,0.0,0.0,0.0,0.0,0.0,11.0,3.0,3.0,1.0,0.0,10.0,0.0,1.0,0.0,1.0,0.0,30.0,-0.6666666666666666,2025-07-22 16:17:20+00:00
openelections,0.0,0.0,0.0,0.0,2.0,5.0,23.0,36.0,29.0,19.0,8.0,2.0,2.0,3.0,2.0,0.0,0.0,0.0,131.0,-1.0,2025-08-02 23:23:35+00:00
opennews,0.0,0.0,0.0,0.0,0.0,0.0,3.0,3.0,3.0,4.0,2.0,3.0,2.0,1.0,1.0,2.0,1.0,1.0,26.0,-0.6666666666666666,2025-07-24 17:05:13+00:00
opennewslabs,0.0,0.0,0.0,0.0,4.0,1.0,2.0,1.0,19.0,7.0,1.0,0.0,0.0,0.0,0.0,0.0,0.0,0.0,35.0,-1.0,2025-07-30 13:43:34+00:00
opensecrets,0.0,0.0,0.0,0.0,0.0,0.0,2.0,0.0,0.0,0.0,0.0,0.0,0.0,0.0,0.0,0.0,0.0,0.0,2.0,,2024-08-20 01:25:23+00:00
openstates,0.0,1.0,0.0,3.0,1.0,0.0,1.0,1.0,1.0,5.0,1.0,2.0,3.0,3.0,1.0,2.0,0.0,2.0,27.0,-1.0,2025-08-02 03:53:08+00:00
oregonian,0.0,0.0,0.0,0.0,0.0,1.0,0.0,1.0,0.0,0.0,0.0,0.0,0.0,0.0,0.0,0.0,0.0,0.0,2.0,,2015-10-16 06:47:41+00:00
orlandosentinel,0.0,0.0,0.0,0.0,0.0,0.0,0.0,1.0,4.0,0.0,0.0,0.0,0.0,0.0,0.0,0.0,0.0,0.0,5.0,-1.0,2020-10-18 21:27:46+00:00
overview,0.0,0.0,0.0,2.0,2.0,4.0,9.0,19.0,0.0,3.0,12.0,0.0,2.0,0.0,0.0,0.0,0.0,0.0,53.0,,2025-07-30 15:45:28+00:00
palmbeachpost,0.0,0.0,0.0,0.0,0.0,0.0,8.0,7.0,5.0,2.0,2.0,1.0,0.0,0.0,0.0,0.0,0.0,0.0,25.0,-1.0,2024-10-13 20:59:44+00:00
phillymedia,0.0,0.0,0.0,0.0,0.0,0.0,0.0,0.0,1.0,30.0,16.0,2.0,1.0,0.0,4.0,2.0,1.0,1.0,58.0,0.0,2025-07-22 13:05:12+00:00
pitchinteractiveinc,0.0,0.0,0.0,0.0,0.0,1.0,0.0,0.0,3.0,1.0,0.0,0.0,0.0,0.0,1.0,0.0,0.0,0.0,6.0,-1.0,2025-07-30 21:55:59+00:00
poderopedia,0.0,0.0,0.0,0.0,2.0,6.0,1.0,0.0,0.0,0.0,0.0,0.0,0.0,0.0,0.0,0.0,0.0,0.0,9.0,,2023-08-04 04:24:23+00:00
policymic,0.0,0.0,0.0,0.0,0.0,0.0,1.0,0.0,0.0,0.0,0.0,0.0,0.0,0.0,0.0,0.0,0.0,0.0,1.0,,2025-06-13 06:40:47+00:00
politibot,0.0,0.0,0.0,0.0,0.0,0.0,0.0,0.0,0.0,0.0,2.0,0.0,0.0,0.0,0.0,0.0,0.0,0.0,2.0,,2018-07-10 20:06:46+00:00
polygraph-cool,0.0,0.0,0.0,0.0,0.0,0.0,0.0,0.0,0.0,3.0,3.0,1.0,4.0,0.0,0.0,0.0,0.0,1.0,12.0,,2025-07-25 18:51:53+00:00
postandcourier,0.0,0.0,0.0,0.0,0.0,0.0,2.0,7.0,0.0,0.0,1.0,1.0,4.0,0.0,0.0,0.0,0.0,0.0,15.0,,2024-02-27 11:49:44+00:00
postdispatchinteractive,0.0,0.0,0.0,0.0,2.0,0.0,2.0,2.0,1.0,0.0,0.0,2.0,1.0,0.0,0.0,1.0,0.0,0.0,11.0,-1.0,2024-08-23 23:43:43+00:00
povdocs,0.0,0.0,0.0,0.0,0.0,0.0,8.0,3.0,1.0,0.0,0.0,0.0,0.0,0.0,0.0,0.0,0.0,0.0,12.0,-1.0,2025-07-23 21:22:28+00:00
proofnews,0.0,0.0,0.0,0.0,0.0,0.0,0.0,0.0,0.0,0.0,0.0,0.0,0.0,0.0,0.0,0.0,1.0,0.0,1.0,inf,2024-11-07 21:43:28+00:00
propublica,0.0,2.0,8.0,4.0,4.0,4.0,4.0,1.0,6.0,8.0,9.0,7.0,1.0,1.0,2.0,0.0,0.0,1.0,62.0,-1.0,2025-08-02 16:37:55+00:00
prx,0.0,0.0,0.0,9.0,1.0,13.0,17.0,13.0,6.0,12.0,6.0,6.0,1.0,7.0,9.0,3.0,20.0,0.0,123.0,2.3333333333333335,2025-08-01 22:29:51+00:00
publici,0.0,0.0,0.0,0.0,0.0,0.0,1.0,1.0,5.0,8.0,26.0,11.0,11.0,4.0,0.0,1.0,0.0,0.0,68.0,-1.0,2025-08-01 14:52:14+00:00
publicradiointernational,0.0,0.0,0.0,0.0,0.0,0.0,1.0,2.0,0.0,1.0,1.0,0.0,0.0,0.0,0.0,0.0,0.0,0.0,5.0,,2023-01-28 05:26:22+00:00
publicsource,0.0,0.0,0.0,0.0,0.0,0.0,0.0,0.0,2.0,5.0,1.0,3.0,1.0,1.0,1.0,0.0,0.0,1.0,15.0,-1.0,2025-07-17 18:44:46+00:00
quartz,0.0,0.0,0.0,0.0,0.0,1.0,2.0,7.0,22.0,32.0,3.0,12.0,9.0,1.0,0.0,0.0,0.0,0.0,89.0,-1.0,2025-07-31 05:44:05+00:00
radiofrance,0.0,0.0,0.0,0.0,0.0,0.0,0.0,0.0,1.0,7.0,0.0,1.0,3.0,1.0,3.0,3.0,4.0,5.0,28.0,3.0,2025-07-21 10:27:40+00:00
reesenewslab,0.0,0.0,0.0,0.0,0.0,0.0,0.0,0.0,0.0,2.0,0.0,0.0,0.0,1.0,0.0,0.0,1.0,0.0,4.0,inf,2024-04-29 14:55:41+00:00
registerguard,0.0,0.0,4.0,4.0,11.0,13.0,11.0,6.0,9.0,15.0,9.0,2.0,0.0,0.0,0.0,0.0,0.0,0.0,84.0,-1.0,2025-03-15 12:32:33+00:00
resolve-philly,0.0,0.0,0.0,0.0,0.0,0.0,0.0,0.0,0.0,0.0,0.0,2.0,0.0,0.0,0.0,0.0,2.0,0.0,4.0,inf,2024-10-04 19:36:36+00:00
reuters-graphics,0.0,0.0,0.0,0.0,0.0,0.0,0.0,0.0,0.0,0.0,0.0,1.0,34.0,27.0,2.0,1.0,3.0,3.0,71.0,inf,2025-07-31 22:17:03+00:00
rferl,0.0,0.0,0.0,0.0,0.0,0.0,0.0,0.0,0.0,0.0,0.0,0.0,0.0,0.0,1.0,1.0,0.0,0.0,2.0,,2025-07-11 09:48:56+00:00
rgnewsroom,0.0,0.0,0.0,0.0,0.0,0.0,5.0,0.0,0.0,0.0,0.0,0.0,0.0,0.0,0.0,0.0,0.0,0.0,5.0,,2017-11-28 22:57:07+00:00
rji-futures-lab,0.0,0.0,0.0,0.0,0.0,0.0,0.0,0.0,0.0,0.0,4.0,8.0,6.0,3.0,0.0,0.0,0.0,0.0,21.0,,2024-07-31 13:44:15+00:00
row-engineering,0.0,0.0,0.0,0.0,0.0,0.0,0.0,0.0,0.0,0.0,0.0,0.0,0.0,0.0,0.0,1.0,0.0,0.0,1.0,,2024-03-25 04:51:52+00:00
sa-express-news,0.0,0.0,0.0,0.0,0.0,0.0,7.0,1.0,0.0,48.0,17.0,5.0,0.0,0.0,0.0,0.0,0.0,0.0,78.0,,2025-06-29 10:30:00+00:00
sahanjournal,0.0,0.0,0.0,0.0,0.0,0.0,0.0,0.0,0.0,0.0,0.0,0.0,0.0,0.0,0.0,1.0,0.0,0.0,1.0,,2023-11-21 21:16:12+00:00
scmp,0.0,0.0,0.0,0.0,0.0,0.0,0.0,0.0,0.0,0.0,0.0,1.0,3.0,0.0,0.0,0.0,0.0,0.0,4.0,,2024-02-29 13:36:41+00:00
scpr,0.0,0.0,0.0,2.0,7.0,18.0,15.0,11.0,10.0,4.0,11.0,5.0,2.0,1.0,0.0,0.0,0.0,0.0,86.0,-1.0,2024-11-08 07:28:34+00:00
sdut-datadesk,0.0,0.0,0.0,0.0,0.0,0.0,0.0,0.0,0.0,0.0,0.0,0.0,1.0,7.0,1.0,0.0,0.0,0.0,9.0,,2023-04-13 19:35:33+00:00
seattletimes,0.0,0.0,0.0,0.0,1.0,0.0,23.0,88.0,90.0,61.0,66.0,50.0,50.0,19.0,10.0,0.0,0.0,1.0,459.0,-1.0,2025-07-11 19:05:49+00:00
sfchronicle,0.0,0.0,0.0,0.0,0.0,0.0,0.0,12.0,49.0,79.0,20.0,3.0,1.0,2.0,10.0,6.0,1.0,1.0,184.0,-0.9795918367346939,2025-07-24 21:48:46+00:00
slategroup,0.0,0.0,0.0,0.0,1.0,1.0,0.0,0.0,1.0,2.0,1.0,1.0,0.0,0.0,0.0,0.0,0.0,0.0,7.0,-1.0,2024-08-27 15:13:29+00:00
sourcefabric,0.0,0.0,2.0,0.0,0.0,0.0,0.0,0.0,0.0,0.0,0.0,0.0,0.0,0.0,0.0,1.0,0.0,0.0,3.0,,2025-07-01 00:39:24+00:00
southsideweekly,0.0,0.0,0.0,0.0,0.0,0.0,0.0,0.0,0.0,0.0,3.0,2.0,0.0,2.0,0.0,0.0,0.0,0.0,7.0,,2022-02-27 18:33:45+00:00
spiegelgraphics,0.0,0.0,0.0,0.0,0.0,0.0,0.0,0.0,0.0,0.0,0.0,0.0,0.0,3.0,3.0,3.0,2.0,2.0,13.0,inf,2025-07-25 09:26:40+00:00
spiritedmedia,0.0,0.0,0.0,0.0,0.0,0.0,0.0,0.0,3.0,2.0,1.0,1.0,0.0,0.0,0.0,0.0,0.0,0.0,7.0,-1.0,2023-01-28 17:58:24+00:00
spotlightpa,0.0,0.0,0.0,0.0,0.0,0.0,0.0,0.0,0.0,0.0,0.0,5.0,5.0,6.0,2.0,4.0,2.0,4.0,28.0,inf,2025-08-02 04:11:31+00:00
srfdata,0.0,0.0,0.0,0.0,0.0,0.0,0.0,9.0,3.0,8.0,6.0,13.0,0.0,0.0,0.0,0.0,0.0,0.0,39.0,-1.0,2025-05-06 15:41:22+00:00
statesman,0.0,0.0,0.0,0.0,0.0,0.0,24.0,44.0,14.0,6.0,7.0,1.0,1.0,0.0,0.0,0.0,0.0,0.0,97.0,-1.0,2020-02-24 20:52:37+00:00
statesnewsroom,0.0,0.0,0.0,0.0,0.0,0.0,0.0,0.0,0.0,0.0,0.0,0.0,0.0,0.0,1.0,0.0,0.0,0.0,1.0,,2022-12-14 21:13:47+00:00
stlpublicradio,0.0,0.0,0.0,0.0,0.0,0.0,25.0,3.0,3.0,1.0,1.0,3.0,1.0,2.0,0.0,8.0,0.0,0.0,47.0,-1.0,2025-06-24 11:59:29+00:00
storyful,0.0,0.0,0.0,0.0,0.0,1.0,0.0,0.0,1.0,1.0,0.0,0.0,0.0,1.0,1.0,1.0,0.0,0.0,6.0,-1.0,2024-05-10 13:39:31+00:00
striblab,0.0,0.0,0.0,0.0,0.0,0.0,0.0,0.0,0.0,53.0,61.0,52.0,37.0,4.0,6.0,2.0,2.0,1.0,218.0,inf,2025-08-01 14:08:13+00:00
sueddeutsche,0.0,0.0,0.0,0.0,0.0,0.0,0.0,0.0,3.0,11.0,2.0,4.0,7.0,1.0,2.0,1.0,0.0,2.0,33.0,-1.0,2025-07-26 19:50:41+00:00
sunlightlabs,2.0,11.0,27.0,32.0,35.0,24.0,29.0,26.0,37.0,1.0,0.0,0.0,0.0,0.0,0.0,0.0,0.0,0.0,224.0,-1.0,2025-07-08 08:07:52+00:00
sunsentinel,0.0,0.0,0.0,0.0,0.0,0.0,0.0,0.0,4.0,2.0,7.0,1.0,1.0,1.0,0.0,0.0,0.0,0.0,16.0,-1.0,2025-05-19 05:50:33+00:00
tageswoche,0.0,0.0,0.0,0.0,2.0,2.0,0.0,0.0,4.0,8.0,5.0,0.0,0.0,0.0,0.0,0.0,0.0,0.0,21.0,-1.0,2021-06-27 04:42:00+00:00
tarbell-project,0.0,0.0,0.0,0.0,1.0,1.0,1.0,0.0,0.0,0.0,0.0,0.0,0.0,0.0,0.0,0.0,0.0,0.0,3.0,,2025-07-03 19:02:11+00:00
tbtimes,0.0,0.0,0.0,0.0,0.0,1.0,2.0,1.0,8.0,2.0,3.0,0.0,0.0,0.0,0.0,0.0,0.0,0.0,17.0,-1.0,2025-07-21 16:57:45+00:00
teamtrace,0.0,0.0,0.0,0.0,0.0,0.0,0.0,0.0,0.0,0.0,0.0,1.0,0.0,0.0,0.0,0.0,0.0,0.0,1.0,,2019-11-13 15:51:00+00:00
technologyreview,0.0,0.0,0.0,0.0,0.0,0.0,2.0,1.0,0.0,1.0,0.0,1.0,0.0,0.0,0.0,0.0,0.0,0.0,5.0,,2024-08-13 21:09:34+00:00
telegraph,0.0,0.0,0.0,0.0,0.0,0.0,0.0,0.0,0.0,0.0,0.0,0.0,1.0,0.0,0.0,0.0,0.0,0.0,1.0,,2024-10-07 10:41:50+00:00
telemundo,0.0,0.0,0.0,0.0,0.0,0.0,0.0,0.0,0.0,0.0,0.0,0.0,0.0,0.0,0.0,0.0,0.0,1.0,1.0,,2025-01-22 21:26:17+00:00
texastribune,0.0,0.0,2.0,3.0,13.0,21.0,41.0,34.0,20.0,12.0,8.0,7.0,2.0,1.0,0.0,0.0,1.0,0.0,165.0,-0.95,2025-08-01 19:38:55+00:00
texty,0.0,0.0,0.0,0.0,1.0,0.0,0.0,5.0,15.0,20.0,40.0,37.0,14.0,19.0,20.0,20.0,6.0,3.0,200.0,-0.6,2025-07-24 22:31:31+00:00
the-19th,0.0,0.0,0.0,0.0,0.0,0.0,0.0,0.0,0.0,0.0,0.0,0.0,0.0,0.0,0.0,0.0,1.0,0.0,1.0,inf,2024-04-10 17:17:04+00:00
the-baltimore-banner,0.0,0.0,0.0,0.0,0.0,0.0,0.0,0.0,0.0,0.0,0.0,0.0,0.0,0.0,8.0,14.0,1.0,5.0,28.0,inf,2025-07-11 18:41:24+00:00
the-irish-times,0.0,0.0,0.0,0.0,0.0,0.0,0.0,0.0,0.0,0.0,1.0,0.0,0.0,0.0,0.0,0.0,0.0,0.0,1.0,,2018-01-19 09:47:20+00:00
the-markup,0.0,0.0,0.0,0.0,0.0,0.0,0.0,0.0,0.0,0.0,0.0,0.0,16.0,33.0,14.0,11.0,5.0,2.0,81.0,inf,2025-07-30 18:04:37+00:00
the-politico,0.0,0.0,0.0,0.0,0.0,0.0,0.0,0.0,0.0,25.0,36.0,19.0,7.0,6.0,3.0,0.0,0.0,0.0,96.0,,2025-05-10 00:35:11+00:00
the-pudding,0.0,0.0,0.0,0.0,0.0,0.0,0.0,0.0,4.0,16.0,34.0,53.0,45.0,27.0,26.0,27.0,31.0,10.0,273.0,6.75,2025-08-02 01:24:35+00:00
theadvocate,0.0,0.0,0.0,0.0,0.0,0.0,1.0,0.0,0.0,0.0,0.0,0.0,0.0,0.0,0.0,0.0,0.0,0.0,1.0,,2014-02-27 17:16:27+00:00
theatlantic,0.0,0.0,0.0,10.0,4.0,9.0,2.0,2.0,3.0,6.0,8.0,2.0,0.0,0.0,0.0,1.0,0.0,0.0,47.0,-1.0,2025-07-22 17:24:24+00:00
thechicagoreporter,0.0,0.0,0.0,0.0,0.0,0.0,0.0,0.0,3.0,3.0,2.0,1.0,4.0,0.0,0.0,0.0,0.0,0.0,13.0,-1.0,2025-01-16 17:58:32+00:00
thecityny,0.0,0.0,0.0,0.0,0.0,0.0,0.0,0.0,0.0,0.0,0.0,0.0,3.0,3.0,13.0,5.0,0.0,4.0,28.0,,2025-08-01 21:21:28+00:00
theeconomist,0.0,0.0,0.0,0.0,0.0,0.0,0.0,0.0,0.0,0.0,3.0,0.0,6.0,9.0,7.0,8.0,3.0,1.0,37.0,inf,2025-08-03 05:13:51+00:00
thegazette,0.0,0.0,0.0,0.0,0.0,1.0,11.0,0.0,0.0,0.0,0.0,1.0,0.0,0.0,1.0,0.0,1.0,0.0,15.0,inf,2025-07-10 11:14:05+00:00
thelens,0.0,0.0,0.0,0.0,0.0,0.0,3.0,6.0,2.0,0.0,0.0,0.0,0.0,0.0,0.0,0.0,0.0,0.0,11.0,-1.0,2019-11-12 17:31:45+00:00
themarshallproject,0.0,0.0,0.0,0.0,0.0,0.0,0.0,6.0,4.0,1.0,2.0,2.0,6.0,4.0,2.0,0.0,0.0,1.0,28.0,-1.0,2025-08-01 18:24:31+00:00
theonion,0.0,0.0,0.0,0.0,1.0,7.0,25.0,34.0,5.0,1.0,0.0,0.0,0.0,0.0,0.0,0.0,0.0,0.0,73.0,-1.0,2025-06-24 09:51:40+00:00
theoregonian,0.0,0.0,0.0,0.0,0.0,0.0,0.0,0.0,6.0,2.0,0.0,3.0,0.0,0.0,0.0,0.0,0.0,0.0,11.0,-1.0,2025-02-15 15:30:45+00:00
theparanoids,0.0,0.0,0.0,0.0,0.0,0.0,0.0,0.0,0.0,0.0,1.0,2.0,5.0,2.0,4.0,1.0,0.0,0.0,15.0,,2025-07-08 00:50:02+00:00
therapplers,0.0,0.0,0.0,0.0,0.0,0.0,0.0,0.0,0.0,0.0,2.0,0.0,0.0,0.0,0.0,0.0,0.0,0.0,2.0,,2021-01-25 15:08:15+00:00
theupshot,0.0,0.0,0.0,0.0,0.0,2.0,13.0,4.0,3.0,2.0,1.0,0.0,1.0,0.0,0.0,0.0,0.0,0.0,26.0,-1.0,2025-07-07 21:18:21+00:00
thomsonreuters,0.0,0.0,0.0,0.0,0.0,2.0,0.0,6.0,2.0,18.0,14.0,1.0,0.0,1.0,0.0,0.0,2.0,1.0,47.0,0.0,2025-07-29 09:10:18+00:00
thunderdome-data,0.0,0.0,0.0,0.0,0.0,0.0,37.0,0.0,0.0,0.0,0.0,0.0,0.0,0.0,0.0,0.0,0.0,0.0,37.0,,2025-07-15 15:45:46+00:00
timemagazine,0.0,0.0,0.0,0.0,0.0,2.0,5.0,7.0,6.0,6.0,0.0,0.0,0.0,0.0,0.0,0.0,0.0,0.0,26.0,-1.0,2025-07-07 11:19:10+00:00
timemagazinelabs,0.0,0.0,0.0,0.0,0.0,1.0,2.0,1.0,0.0,3.0,1.0,5.0,1.0,1.0,0.0,0.0,0.0,0.0,15.0,,2025-07-20 23:11:33+00:00
times,0.0,0.0,0.0,0.0,0.0,1.0,13.0,6.0,6.0,7.0,3.0,3.0,0.0,0.0,0.0,0.0,0.0,1.0,40.0,-1.0,2025-08-02 18:22:33+00:00
trendct,0.0,0.0,0.0,0.0,0.0,0.0,0.0,22.0,13.0,0.0,0.0,0.0,0.0,0.0,0.0,0.0,0.0,0.0,35.0,-1.0,2024-10-24 18:14:41+00:00
tribune,0.0,0.0,0.0,4.0,9.0,0.0,1.0,0.0,0.0,0.0,4.0,0.0,0.0,1.0,0.0,1.0,0.0,0.0,20.0,,2023-06-02 20:24:37+00:00
twreporter,0.0,0.0,0.0,0.0,0.0,0.0,0.0,6.0,9.0,9.0,1.0,2.0,2.0,0.0,4.0,1.0,0.0,2.0,36.0,-1.0,2025-07-31 11:51:21+00:00
usafacts,0.0,0.0,0.0,0.0,0.0,0.0,0.0,0.0,0.0,0.0,0.0,0.0,0.0,0.0,1.0,0.0,0.0,0.0,1.0,,2022-04-29 18:12:44+00:00
usatoday,0.0,0.0,0.0,0.0,0.0,0.0,0.0,0.0,1.0,0.0,1.0,0.0,0.0,1.0,3.0,1.0,1.0,2.0,10.0,0.0,2025-08-01 06:07:01+00:00
vgno,0.0,0.0,0.0,4.0,1.0,5.0,6.0,18.0,9.0,1.0,0.0,2.0,0.0,1.0,3.0,1.0,1.0,0.0,52.0,-0.8888888888888888,2025-07-04 12:13:27+00:00
vicemedia,0.0,0.0,0.0,0.0,0.0,0.0,0.0,1.0,4.0,3.0,5.0,3.0,3.0,2.0,0.0,0.0,0.0,0.0,21.0,-1.0,2025-07-06 23:02:37+00:00
voanews,0.0,0.0,0.0,0.0,0.0,0.0,0.0,0.0,0.0,2.0,1.0,1.0,0.0,0.0,0.0,0.0,0.0,0.0,4.0,,2024-04-23 08:55:56+00:00
voxmedia,0.0,0.0,0.0,0.0,2.0,2.0,15.0,14.0,11.0,5.0,5.0,8.0,5.0,1.0,8.0,9.0,0.0,0.0,85.0,-1.0,2025-08-02 22:23:02+00:00
vprnet,0.0,0.0,0.0,0.0,0.0,5.0,29.0,16.0,8.0,6.0,0.0,0.0,0.0,0.0,0.0,0.0,0.0,1.0,65.0,-1.0,2025-07-24 16:35:52+00:00
washingtoncitypaper,0.0,0.0,0.0,0.0,0.0,0.0,0.0,1.0,3.0,0.0,0.0,0.0,0.0,0.0,0.0,0.0,0.0,0.0,4.0,-1.0,2016-06-29 12:48:31+00:00
washingtonpost,0.0,0.0,0.0,0.0,2.0,2.0,2.0,10.0,18.0,5.0,8.0,5.0,8.0,6.0,9.0,2.0,2.0,0.0,79.0,-0.8888888888888888,2025-07-29 17:17:37+00:00
washingtonpost-archive,0.0,0.0,0.0,0.0,8.0,0.0,0.0,0.0,0.0,0.0,0.0,0.0,0.0,0.0,0.0,0.0,0.0,0.0,8.0,,2023-01-28 18:51:48+00:00
washingtontimes,0.0,1.0,0.0,0.0,0.0,0.0,0.0,0.0,0.0,0.0,0.0,0.0,0.0,0.0,0.0,0.0,0.0,0.0,1.0,,2024-01-09 01:41:14+00:00
wbez,0.0,0.0,0.0,0.0,1.0,0.0,0.0,12.0,12.0,2.0,0.0,1.0,1.0,1.0,1.0,0.0,0.0,0.0,31.0,-1.0,2025-02-01 17:10:35+00:00
wbur,0.0,0.0,0.0,0.0,0.0,0.0,0.0,0.0,0.0,0.0,0.0,0.0,3.0,2.0,1.0,0.0,0.0,0.0,6.0,,2024-03-27 17:28:50+00:00
wearehearken,0.0,0.0,0.0,0.0,0.0,0.0,0.0,0.0,0.0,1.0,0.0,1.0,1.0,0.0,0.0,0.0,0.0,0.0,3.0,,2020-11-05 00:33:54+00:00
wgbh,0.0,0.0,1.0,3.0,1.0,2.0,2.0,4.0,10.0,3.0,1.0,8.0,0.0,3.0,0.0,0.0,0.0,0.0,38.0,-1.0,2025-07-24 16:24:49+00:00
wireservice,0.0,0.0,0.0,2.0,0.0,0.0,1.0,5.0,6.0,1.0,0.0,1.0,0.0,0.0,0.0,0.0,0.0,0.0,16.0,-1.0,2025-08-01 10:00:09+00:00
wnpr,0.0,0.0,0.0,0.0,0.0,0.0,0.0,0.0,0.0,0.0,0.0,2.0,0.0,0.0,0.0,0.0,0.0,0.0,2.0,,2020-03-19 14:18:50+00:00
wnyc,0.0,0.0,0.0,2.0,5.0,26.0,12.0,1.0,1.0,0.0,0.0,0.0,0.0,0.0,0.0,0.0,0.0,0.0,47.0,-1.0,2025-07-02 05:53:39+00:00
worldcompany,0.0,0.0,1.0,0.0,1.0,0.0,0.0,0.0,0.0,0.0,0.0,0.0,0.0,0.0,0.0,0.0,0.0,0.0,2.0,,2025-02-06 13:03:11+00:00
wpinvestigative,0.0,0.0,0.0,0.0,0.0,0.0,0.0,0.0,0.0,3.0,2.0,2.0,5.0,9.0,1.0,0.0,0.0,0.0,22.0,,2025-01-03 19:48:14+00:00
wraldata,0.0,0.0,0.0,0.0,0.0,0.0,5.0,3.0,1.0,0.0,2.0,1.0,2.0,0.0,0.0,0.0,0.0,0.0,14.0,-1.0,2025-08-01 08:30:19+00:00
wsj,0.0,0.0,0.0,0.0,0.0,0.0,0.0,5.0,2.0,2.0,0.0,0.0,1.0,0.0,0.0,0.0,0.0,0.0,10.0,-1.0,2025-07-14 02:19:20+00:00
yleisradio,0.0,0.0,0.0,0.0,0.0,3.0,9.0,4.0,6.0,4.0,5.0,4.0,4.0,4.0,0.0,0.0,0.0,0.0,43.0,-1.0,2025-07-31 05:35:47+00:00
youthradio,0.0,0.0,0.0,0.0,4.0,3.0,5.0,8.0,2.0,10.0,14.0,9.0,13.0,4.0,0.0,0.0,0.0,0.0,72.0,-1.0,2021-12-21 00:44:29+00:00
zeitonline,0.0,0.0,0.0,0.0,4.0,2.0,2.0,46.0,8.0,14.0,20.0,14.0,8.0,4.0,3.0,7.0,6.0,5.0,143.0,-0.25,2025-08-01 13:43:19+00:00
